﻿<?xml version="1.0" encoding="utf-8"?>
<tasks>
  <task id="LinkTypes" name="LinkType definitions" plugin="Microsoft.ProjectCreationWizard.WorkItemTracking" completionMessage="Work item link types created">
    <taskXml>
      <LINKTYPES>
        <LINKTYPE fileName="WorkItem Tracking\LinkTypes\Microsoft.VSTS.Common.Affects.xml" />
        <LINKTYPE fileName="WorkItem Tracking\LinkTypes\Microsoft.VSTS.TestCase.SharedParameterReferencedBy.xml" />
        <LINKTYPE fileName="WorkItem Tracking\LinkTypes\Microsoft.VSTS.Common.TestedBy.xml" />
        <LINKTYPE fileName="WorkItem Tracking\LinkTypes\Microsoft.VSTS.TestCase.SharedStepReferencedBy.xml" />
      </LINKTYPES>
    </taskXml>
  </task>
  <task id="WITs" name="WorkItemType definitions" plugin="Microsoft.ProjectCreationWizard.WorkItemTracking" completionMessage="Work item types created">
    <dependencies>
      <dependency taskId="LinkTypes" />
    </dependencies>
    <taskXml>
      <WORKITEMTYPES>
        <WORKITEMTYPE fileName="WorkItem Tracking\TypeDefinitions\Task.xml" />
        <WORKITEMTYPE fileName="WorkItem Tracking\TypeDefinitions\Bug.xml" />
        <WORKITEMTYPE fileName="WorkItem Tracking\TypeDefinitions\CodeReviewRequest.xml" />
        <WORKITEMTYPE fileName="WorkItem Tracking\TypeDefinitions\CodeReviewResponse.xml" />
        <WORKITEMTYPE fileName="WorkItem Tracking\TypeDefinitions\Epic.xml" />
        <WORKITEMTYPE fileName="WorkItem Tracking\TypeDefinitions\Feature.xml" />
        <WORKITEMTYPE fileName="WorkItem Tracking\TypeDefinitions\FeedbackRequest.xml" />
        <WORKITEMTYPE fileName="WorkItem Tracking\TypeDefinitions\FeedbackResponse.xml" />
        <WORKITEMTYPE fileName="WorkItem Tracking\TypeDefinitions\Impediment.xml" />
        <WORKITEMTYPE fileName="WorkItem Tracking\TypeDefinitions\ProductBacklogItem.xml" />
        <WORKITEMTYPE fileName="WorkItem Tracking\TypeDefinitions\SharedSteps.xml" />
        <WORKITEMTYPE fileName="WorkItem Tracking\TypeDefinitions\SharedParameter.xml" />
        <WORKITEMTYPE fileName="WorkItem Tracking\TypeDefinitions\TestCase.xml" />
        <WORKITEMTYPE fileName="WorkItem Tracking\TypeDefinitions\TestPlan.xml" />
        <WORKITEMTYPE fileName="WorkItem Tracking\TypeDefinitions\TestSuite.xml" />
        <WORKITEMTYPE fileName="WorkItem Tracking\TypeDefinitions\Brief.xml" />
        <WORKITEMTYPE fileName="WorkItem Tracking\TypeDefinitions\RequerimientoporLineaProducto.xml" />
        <WORKITEMTYPE fileName="WorkItem Tracking\TypeDefinitions\OrdendeTrabajo.xml" />
        <WORKITEMTYPE fileName="WorkItem Tracking\TypeDefinitions\RequerimientodeNegocio.xml" />
      </WORKITEMTYPES>
    </taskXml>
  </task>
  <task id="Categories" name="Categories definitions" plugin="Microsoft.ProjectCreationWizard.WorkItemTracking" completionMessage="Work item type categories created">
    <dependencies>
      <dependency taskId="WITs" />
    </dependencies>
    <taskXml>
      <CATEGORIES fileName="WorkItem Tracking\Categories.xml" />
    </taskXml>
  </task>
  <task id="ProcessConfiguration" name="Process Configuration" plugin="Microsoft.ProjectCreationWizard.WorkItemTracking" completionMessage="Process configuration uploaded">
    <dependencies>
      <dependency taskId="WITs" />
      <dependency taskId="Categories" />
    </dependencies>
    <taskXml>
      <PROCESSCONFIGURATION>
        <ProjectConfiguration fileName="WorkItem Tracking\Process\ProcessConfiguration.xml" />
      </PROCESSCONFIGURATION>
    </taskXml>
  </task>
</tasks>