﻿<?xml version="1.0" encoding="utf-8"?>
<witd:WITD application="Work item type editor" version="1.0" xmlns:witd="http://schemas.microsoft.com/VisualStudio/2008/workitemtracking/typedef">
  <WORKITEMTYPE name="Shared Parameter" refname="Custom.SharedParameter">
    <DESCRIPTION>Server-side data for reusable set of parameters.</DESCRIPTION>
    <FIELDS>
      <FIELD name="Iteration Path" refname="System.IterationPath" type="TreePath" reportable="dimension" />
      <FIELD name="Iteration ID" refname="System.IterationId" type="Integer" />
      <FIELD name="External Link Count" refname="System.ExternalLinkCount" type="Integer" />
      <FIELD name="Team Project" refname="System.TeamProject" type="String" reportable="dimension" />
      <FIELD name="Parent" refname="System.Parent" type="Integer" />
      <FIELD name="Remote Link Count" refname="System.RemoteLinkCount" type="Integer" />
      <FIELD name="Comment Count" refname="System.CommentCount" type="Integer" />
      <FIELD name="Hyperlink Count" refname="System.HyperLinkCount" type="Integer" />
      <FIELD name="Attached File Count" refname="System.AttachedFileCount" type="Integer" />
      <FIELD name="Node Name" refname="System.NodeName" type="String" />
      <FIELD name="Area Path" refname="System.AreaPath" type="TreePath" reportable="dimension" />
      <FIELD name="Revised Date" refname="System.RevisedDate" type="DateTime" reportable="detail" />
      <FIELD name="Changed Date" refname="System.ChangedDate" type="DateTime" reportable="dimension" />
      <FIELD name="Id" refname="System.Id" type="Integer" reportable="dimension" />
      <FIELD name="Area ID" refname="System.AreaId" type="Integer" />
      <FIELD name="Authorized As" refname="System.AuthorizedAs" type="String" syncnamechanges="true" />
      <FIELD name="Title" refname="System.Title" type="String" reportable="dimension">
        <REQUIRED />
      </FIELD>
      <FIELD name="State" refname="System.State" type="String" reportable="dimension" />
      <FIELD name="Authorized Date" refname="System.AuthorizedDate" type="DateTime" />
      <FIELD name="Watermark" refname="System.Watermark" type="Integer" />
      <FIELD name="Rev" refname="System.Rev" type="Integer" reportable="dimension" />
      <FIELD name="Changed By" refname="System.ChangedBy" type="String" syncnamechanges="true" reportable="dimension">
        <ALLOWEXISTINGVALUE />
        <VALIDUSER />
      </FIELD>
      <FIELD name="Reason" refname="System.Reason" type="String" reportable="dimension" />
      <FIELD name="Assigned To" refname="System.AssignedTo" type="String" syncnamechanges="true" reportable="dimension">
        <ALLOWEXISTINGVALUE />
        <VALIDUSER />
      </FIELD>
      <FIELD name="Work Item Type" refname="System.WorkItemType" type="String" reportable="dimension" />
      <FIELD name="Created Date" refname="System.CreatedDate" type="DateTime" reportable="dimension" />
      <FIELD name="Created By" refname="System.CreatedBy" type="String" syncnamechanges="true" reportable="dimension" />
      <FIELD name="Description" refname="System.Description" type="HTML" />
      <FIELD name="History" refname="System.History" type="History" />
      <FIELD name="Related Link Count" refname="System.RelatedLinkCount" type="Integer" />
      <FIELD name="Tags" refname="System.Tags" type="PlainText" />
      <FIELD name="Board Column" refname="System.BoardColumn" type="String" reportable="dimension" />
      <FIELD name="Board Column Done" refname="System.BoardColumnDone" type="Boolean" reportable="dimension" />
      <FIELD name="Board Lane" refname="System.BoardLane" type="String" reportable="dimension" />
      <FIELD name="State Change Date" refname="Microsoft.VSTS.Common.StateChangeDate" type="DateTime">
        <WHENNOTCHANGED field="System.State">
          <READONLY />
        </WHENNOTCHANGED>
        <WHENCHANGED field="System.State">
          <SERVERDEFAULT from="clock" />
        </WHENCHANGED>
      </FIELD>
      <FIELD name="Integration Build" refname="Microsoft.VSTS.Build.IntegrationBuild" type="String" reportable="dimension">
        <SUGGESTEDVALUES expanditems="true">
          <LISTITEM value="&lt;None&gt;" />
        </SUGGESTEDVALUES>
      </FIELD>
      <FIELD name="Parameters" refname="Microsoft.VSTS.TCM.Parameters" type="HTML" />
    </FIELDS>
    <WORKFLOW>
      <STATES>
        <STATE value="Active" />
        <STATE value="Inactive" />
      </STATES>
      <TRANSITIONS>
        <TRANSITION from="Active" to="Inactive">
          <REASONS>
            <DEFAULTREASON value="Shared Parameter Deactivated" />
          </REASONS>
        </TRANSITION>
        <TRANSITION from="Inactive" to="Active">
          <REASONS>
            <DEFAULTREASON value="Shared Parameter Activated" />
          </REASONS>
        </TRANSITION>
        <TRANSITION from="" to="Active">
          <REASONS>
            <DEFAULTREASON value="New Shared Parameter" />
          </REASONS>
        </TRANSITION>
      </TRANSITIONS>
    </WORKFLOW>
    <FORM>
      <Layout HideReadOnlyEmptyFields="true" HideControlBorders="true">
        <Group Margin="(4,0,0,0)">
          <Column PercentWidth="90">
            <Control FieldName="System.Title" Type="FieldControl" ControlFontSize="large" EmptyText="&lt;Enter title here&gt;" LabelPosition="Top" />
          </Column>
          <Column PercentWidth="10">
            <Control FieldName="System.ID" Type="FieldControl" ControlFontSize="large" LabelPosition="Top" />
          </Column>
        </Group>
        <Group Margin="(10,0,0,0)">
          <Column PercentWidth="100">
            <Control FieldName="System.IterationPath" Type="WorkItemClassificationControl" Label="Ite&amp;ration" LabelPosition="Left" />
          </Column>
        </Group>
        <Group Margin="(10,0,0,0)">
          <Column PercentWidth="50">
            <Group Label="Status">
              <Column PercentWidth="100">
                <Control FieldName="System.AssignedTo" Type="FieldControl" Label="Assi&amp;gned To" LabelPosition="Left" />
                <Control FieldName="System.State" Type="FieldControl" Label="Stat&amp;e" LabelPosition="Left" />
              </Column>
            </Group>
          </Column>
          <Column PercentWidth="50">
            <Group Label="Classification">
              <Column PercentWidth="100">
                <Control FieldName="System.AreaPath" Type="WorkItemClassificationControl" Label="&amp;Area" LabelPosition="Left" />
              </Column>
            </Group>
          </Column>
        </Group>
        <TabGroup>
          <Tab Label="Summary">
            <Group>
              <Column PercentWidth="50">
                <Control FieldName="System.Description" Type="HtmlFieldControl" Label="Description" LabelPosition="Top" />
              </Column>
              <Column PercentWidth="50">
                <Control FieldName="System.History" Type="WorkItemLogControl" Label="Histor&amp;y" LabelPosition="Top" />
              </Column>
            </Group>
          </Tab>
          <Tab Label="Referenced Test Cases">
            <Control Type="LinksControl" LabelPosition="Top">
              <LinksControlOptions>
                <LinkColumns>
                  <LinkColumn RefName="System.Id" />
                  <LinkColumn RefName="System.Title" />
                  <LinkColumn RefName="System.AssignedTo" />
                  <LinkColumn RefName="System.State" />
                  <LinkColumn LinkAttribute="System.Links.Comment" />
                </LinkColumns>
                <WorkItemLinkFilters FilterType="include">
                  <Filter LinkType="Microsoft.VSTS.TestCase.SharedParameterReferencedBy" FilterOn="forwardname" />
                </WorkItemLinkFilters>
                <WorkItemTypeFilters FilterType="include">
                  <Filter WorkItemType="Test Case" />
                </WorkItemTypeFilters>
                <ExternalLinkFilters FilterType="excludeAll" />
              </LinksControlOptions>
            </Control>
          </Tab>
          <Tab Label="All Links">
            <Control Type="LinksControl" Name="GeneralLinks" LabelPosition="Top">
              <LinksControlOptions>
                <LinkColumns>
                  <LinkColumn RefName="System.ID" />
                  <LinkColumn RefName="System.WorkItemType" />
                  <LinkColumn RefName="System.Title" />
                  <LinkColumn RefName="System.AssignedTo" />
                  <LinkColumn RefName="System.State" />
                  <LinkColumn LinkAttribute="System.Links.Comment" />
                </LinkColumns>
                <WorkItemLinkFilters FilterType="includeAll" />
                <ExternalLinkFilters FilterType="includeAll" />
                <WorkItemTypeFilters FilterType="includeAll" />
              </LinksControlOptions>
            </Control>
          </Tab>
          <Tab Label="Attachments">
            <Control Type="AttachmentsControl" LabelPosition="Top" />
          </Tab>
        </TabGroup>
      </Layout>
      <WebLayout>
        <SystemControls>
          <Control Type="FieldControl" FieldName="System.Title" EmptyText="Enter title" />
          <Control Label="Assi&amp;gned To" Type="FieldControl" FieldName="System.AssignedTo" />
          <Control Label="Stat&amp;e" Type="FieldControl" FieldName="System.State" />
          <Control Label="Reason" Type="FieldControl" FieldName="System.Reason" />
          <Control Label="&amp;Area" Type="WorkItemClassificationControl" FieldName="System.AreaPath" />
          <Control Label="Ite&amp;ration" Type="WorkItemClassificationControl" FieldName="System.IterationPath" />
          <Control Label="History" Type="WorkItemLogControl" FieldName="System.History" />
          <Control Label="Links" Type="LinksControl" Name="Links" />
          <Control Label="Attachments" Type="AttachmentsControl" Name="Attachments" />
        </SystemControls>
        <Page Label="Summary" LayoutMode="FirstColumnWide">
          <Section>
            <Group Label="Description">
              <Control Label="Description" Type="HtmlFieldControl" FieldName="System.Description" />
            </Group>
          </Section>
          <Section>
            <Group Label="Test Cases">
              <Control Type="LinksControl" Name="Test Cases">
                <LinksControlOptions ViewMode="List">
                  <LinkFilters>
                    <WorkItemLinkFilter Type="Microsoft.VSTS.TestCase.SharedParameterReferencedBy" />
                  </LinkFilters>
                  <WorkItemTypeFilters>
                    <Filter WorkItemType="Test Case" />
                  </WorkItemTypeFilters>
                  <Columns>
                    <Column Name="System.State" />
                    <Column Name="System.ChangedDate" />
                    <Column Name="System.Links.Comment" />
                  </Columns>
                </LinksControlOptions>
              </Control>
            </Group>
          </Section>
        </Page>
      </WebLayout>
    </FORM>
  </WORKITEMTYPE>
</witd:WITD>