﻿<?xml version="1.0" encoding="utf-8"?>
<witd:WITD application="Work item type editor" version="1.0" xmlns:witd="http://schemas.microsoft.com/VisualStudio/2008/workitemtracking/typedef">
  <WORKITEMTYPE name="Test Suite" refname="Custom.TestSuite">
    <DESCRIPTION>Tracks test activites for a specific feature, requirement, or user story.</DESCRIPTION>
    <FIELDS>
      <FIELD name="Iteration Path" refname="System.IterationPath" type="TreePath" reportable="dimension">
        <HELPTEXT>The iteration for this test suite.</HELPTEXT>
      </FIELD>
      <FIELD name="Iteration ID" refname="System.IterationId" type="Integer" />
      <FIELD name="External Link Count" refname="System.ExternalLinkCount" type="Integer" />
      <FIELD name="Team Project" refname="System.TeamProject" type="String" reportable="dimension" />
      <FIELD name="Parent" refname="System.Parent" type="Integer" />
      <FIELD name="Remote Link Count" refname="System.RemoteLinkCount" type="Integer" />
      <FIELD name="Comment Count" refname="System.CommentCount" type="Integer" />
      <FIELD name="Hyperlink Count" refname="System.HyperLinkCount" type="Integer" />
      <FIELD name="Attached File Count" refname="System.AttachedFileCount" type="Integer" />
      <FIELD name="Node Name" refname="System.NodeName" type="String" />
      <FIELD name="Area Path" refname="System.AreaPath" type="TreePath" reportable="dimension">
        <HELPTEXT>The area of the product associated with this test suite.</HELPTEXT>
      </FIELD>
      <FIELD name="Revised Date" refname="System.RevisedDate" type="DateTime" reportable="detail" />
      <FIELD name="Changed Date" refname="System.ChangedDate" type="DateTime" reportable="dimension" />
      <FIELD name="Id" refname="System.Id" type="Integer" reportable="dimension" />
      <FIELD name="Area ID" refname="System.AreaId" type="Integer" />
      <FIELD name="Authorized As" refname="System.AuthorizedAs" type="String" syncnamechanges="true" />
      <FIELD name="Title" refname="System.Title" type="String" reportable="dimension">
        <HELPTEXT>Short description of the test suite.</HELPTEXT>
        <REQUIRED />
      </FIELD>
      <FIELD name="State" refname="System.State" type="String" reportable="dimension">
        <HELPTEXT>The workflow state of the test suite.</HELPTEXT>
      </FIELD>
      <FIELD name="Authorized Date" refname="System.AuthorizedDate" type="DateTime" />
      <FIELD name="Watermark" refname="System.Watermark" type="Integer" />
      <FIELD name="Rev" refname="System.Rev" type="Integer" reportable="dimension" />
      <FIELD name="Changed By" refname="System.ChangedBy" type="String" syncnamechanges="true" reportable="dimension" />
      <FIELD name="Reason" refname="System.Reason" type="String" reportable="dimension">
        <HELPTEXT>The reason why  the current test suite is in the current state.</HELPTEXT>
      </FIELD>
      <FIELD name="Assigned To" refname="System.AssignedTo" type="String" syncnamechanges="true" reportable="dimension">
        <HELPTEXT>The person currently assigned to the test suite.</HELPTEXT>
        <ALLOWEXISTINGVALUE />
        <VALIDUSER />
      </FIELD>
      <FIELD name="Work Item Type" refname="System.WorkItemType" type="String" reportable="dimension" />
      <FIELD name="Created Date" refname="System.CreatedDate" type="DateTime" reportable="dimension" />
      <FIELD name="Created By" refname="System.CreatedBy" type="String" syncnamechanges="true" reportable="dimension" />
      <FIELD name="Description" refname="System.Description" type="HTML">
        <HELPTEXT>Purpose of this test suite</HELPTEXT>
      </FIELD>
      <FIELD name="History" refname="System.History" type="History">
        <HELPTEXT>Discussion thread plus automatic record of changes</HELPTEXT>
      </FIELD>
      <FIELD name="Related Link Count" refname="System.RelatedLinkCount" type="Integer" />
      <FIELD name="Tags" refname="System.Tags" type="PlainText" />
      <FIELD name="Board Column" refname="System.BoardColumn" type="String" reportable="dimension" />
      <FIELD name="Board Column Done" refname="System.BoardColumnDone" type="Boolean" reportable="dimension" />
      <FIELD name="Board Lane" refname="System.BoardLane" type="String" reportable="dimension" />
      <FIELD name="Integration Build" refname="Microsoft.VSTS.Build.IntegrationBuild" type="String" reportable="dimension">
        <HELPTEXT>The build on which the test suite was executed</HELPTEXT>
        <SUGGESTEDVALUES expanditems="true">
          <LISTITEM value="&lt;None&gt;" />
        </SUGGESTEDVALUES>
      </FIELD>
      <FIELD name="Test Suite Type Id" refname="Microsoft.VSTS.TCM.TestSuiteTypeId" type="Integer">
        <REQUIRED />
        <FROZEN />
        <DEFAULT from="value" value="1" />
      </FIELD>
      <FIELD name="Test Suite Type" refname="Microsoft.VSTS.TCM.TestSuiteType" type="String" reportable="dimension">
        <HELPTEXT>Specifies the category of the test suite.</HELPTEXT>
        <ALLOWEDVALUES expanditems="true">
          <LISTITEM value="Query Based" />
          <LISTITEM value="Requirement Based" />
          <LISTITEM value="Static" />
        </ALLOWEDVALUES>
        <REQUIRED />
        <WHENNOTCHANGED field="Microsoft.VSTS.TCM.TestSuiteTypeId">
          <READONLY />
        </WHENNOTCHANGED>
      </FIELD>
      <FIELD name="Query Text" refname="Microsoft.VSTS.TCM.QueryText" type="PlainText">
        <WHEN field="Microsoft.VSTS.TCM.TestSuiteTypeId" value="2">
          <REQUIRED />
        </WHEN>
      </FIELD>
      <FIELD name="Test Suite Audit" refname="Microsoft.VSTS.TCM.TestSuiteAudit" type="PlainText">
        <HELPTEXT>Captures the test suite audit trail.</HELPTEXT>
      </FIELD>
    </FIELDS>
    <WORKFLOW>
      <STATES>
        <STATE value="Completed" />
        <STATE value="In Planning" />
        <STATE value="In Progress" />
      </STATES>
      <TRANSITIONS>
        <TRANSITION from="Completed" to="In Planning">
          <REASONS>
            <DEFAULTREASON value="Reactivating to planning phase" />
          </REASONS>
        </TRANSITION>
        <TRANSITION from="In Progress" to="In Planning">
          <REASONS>
            <DEFAULTREASON value="Plan test cases for this test suite" />
          </REASONS>
        </TRANSITION>
        <TRANSITION from="In Planning" to="Completed">
          <REASONS>
            <DEFAULTREASON value="Removed from planning and test execution" />
          </REASONS>
        </TRANSITION>
        <TRANSITION from="In Progress" to="Completed">
          <REASONS>
            <DEFAULTREASON value="Completed testing for this test suite" />
          </REASONS>
        </TRANSITION>
        <TRANSITION from="In Planning" to="In Progress">
          <REASONS>
            <DEFAULTREASON value="Tests in this test suite are now active and can be run" />
          </REASONS>
        </TRANSITION>
        <TRANSITION from="Completed" to="In Progress">
          <REASONS>
            <DEFAULTREASON value="Reactivating to run tests" />
          </REASONS>
        </TRANSITION>
        <TRANSITION from="" to="In Progress">
          <REASONS>
            <DEFAULTREASON value="New test suite" />
          </REASONS>
          <FIELDS>
            <FIELD refname="Microsoft.VSTS.TCM.TestSuiteType">
              <WHEN field="Microsoft.VSTS.TCM.TestSuiteTypeId" value="3">
                <COPY from="value" value="Requirement Based" />
              </WHEN>
              <WHEN field="Microsoft.VSTS.TCM.TestSuiteTypeId" value="2">
                <COPY from="value" value="Query Based" />
              </WHEN>
              <WHEN field="Microsoft.VSTS.TCM.TestSuiteTypeId" value="1">
                <COPY from="value" value="Static" />
              </WHEN>
            </FIELD>
          </FIELDS>
        </TRANSITION>
      </TRANSITIONS>
    </WORKFLOW>
    <FORM>
      <Layout HideControlBorders="true" HideReadOnlyEmptyFields="true">
        <Group Margin="(4,0,0,0)">
          <Column PercentWidth="90">
            <Control FieldName="System.Title" Type="FieldControl" LabelPosition="Top" ControlFontSize="large" EmptyText="&lt;Enter title here&gt;" />
          </Column>
          <Column PercentWidth="10">
            <Control FieldName="System.ID" Type="FieldControl" ControlFontSize="large" LabelPosition="Top" />
          </Column>
        </Group>
        <Group Margin="(10,0,0,0)">
          <Column PercentWidth="100">
            <Control FieldName="System.IterationPath" Type="WorkItemClassificationControl" Label="Ite&amp;ration" LabelPosition="Left" />
          </Column>
        </Group>
        <Group Margin="(10,0,0,0)">
          <Column PercentWidth="50">
            <Group Label="Status">
              <Column PercentWidth="100">
                <Control FieldName="System.AssignedTo" Type="FieldControl" Label="Assi&amp;gned To" LabelPosition="Left" />
                <Control FieldName="System.State" Type="FieldControl" Label="Stat&amp;e" LabelPosition="Left" />
              </Column>
            </Group>
          </Column>
          <Column PercentWidth="50">
            <Group Label="Details">
              <Column PercentWidth="100">
                <Control FieldName="System.AreaPath" Type="WorkItemClassificationControl" Label="&amp;Area" LabelPosition="Left" />
                <Control FieldName="Microsoft.VSTS.TCM.TestSuiteType" Type="FieldControl" Label="Test Suite Type" LabelPosition="Left" />
              </Column>
            </Group>
          </Column>
        </Group>
        <Group>
          <Column PercentWidth="100">
            <TabGroup Margin="(5,0,0,0)">
              <Tab Label="Summary">
                <Group>
                  <Column PercentWidth="50">
                    <Control FieldName="System.Description" Type="HtmlFieldControl" Label="Description" LabelPosition="Top" Dock="Fill" />
                  </Column>
                  <Column PercentWidth="50">
                    <Control FieldName="System.History" Type="WorkItemLogControl" Label="Histor&amp;y" LabelPosition="Top" Dock="Fill" />
                  </Column>
                </Group>
              </Tab>
              <Tab Label="Attachments">
                <Control Type="AttachmentsControl" LabelPosition="Top" />
              </Tab>
              <Tab Label="Links">
                <Control Type="LinksControl" Name="GeneralLinks" LabelPosition="Top">
                  <LinksControlOptions>
                    <LinkColumns>
                      <LinkColumn RefName="System.Id" />
                      <LinkColumn RefName="System.WorkItemType" />
                      <LinkColumn RefName="System.Title" />
                      <LinkColumn RefName="System.AssignedTo" />
                      <LinkColumn RefName="System.State" />
                      <LinkColumn LinkAttribute="System.Links.Comment" />
                    </LinkColumns>
                    <WorkItemLinkFilters FilterType="includeAll" />
                    <ExternalLinkFilters FilterType="includeAll" />
                    <WorkItemTypeFilters FilterType="includeAll" />
                  </LinksControlOptions>
                </Control>
              </Tab>
            </TabGroup>
          </Column>
        </Group>
      </Layout>
      <WebLayout>
        <SystemControls>
          <Control Type="FieldControl" FieldName="System.Title" EmptyText="Enter title" />
          <Control Label="Assi&amp;gned To" Type="FieldControl" FieldName="System.AssignedTo" />
          <Control Label="Stat&amp;e" Type="FieldControl" FieldName="System.State" />
          <Control Label="Reason" Type="FieldControl" FieldName="System.Reason" />
          <Control Label="&amp;Area" Type="WorkItemClassificationControl" FieldName="System.AreaPath" />
          <Control Label="Ite&amp;ration" Type="WorkItemClassificationControl" FieldName="System.IterationPath" />
          <Control Label="History" Type="WorkItemLogControl" FieldName="System.History" />
          <Control Label="Links" Type="LinksControl" Name="Links" />
          <Control Label="Attachments" Type="AttachmentsControl" Name="Attachments" />
        </SystemControls>
        <Page Label="Details" LayoutMode="FirstColumnWide">
          <Section>
            <Group Label="Description">
              <Control Label="Description" Type="HtmlFieldControl" FieldName="System.Description" />
            </Group>
          </Section>
          <Section>
            <Group Label="Details">
              <Control Label="Test Suite Type" Type="FieldControl" FieldName="Microsoft.VSTS.TCM.TestSuiteType" />
            </Group>
          </Section>
        </Page>
      </WebLayout>
    </FORM>
  </WORKITEMTYPE>
</witd:WITD>