<?xml version="1.0"?>
<ProjectProcessConfiguration xmlns:xsi="http://www.w3.org/2001/XMLSchema-instance" xmlns:xsd="http://www.w3.org/2001/XMLSchema">
  <WorkItemColors>
    <WorkItemColor name="Brief" primary="FF773B93" secondary="FFEEE2F2" />
    <WorkItemColor name="Bug" primary="FFCC293D" secondary="FFFAEAE5" />
    <WorkItemColor name="Code Review Request" primary="FFB4009E" secondary="FFFCEECF" />
    <WorkItemColor name="Code Review Response" primary="FFB4009E" secondary="FFFCEECF" />
    <WorkItemColor name="Epic" primary="FFFF7B00" secondary="FFFFD7B5" />
    <WorkItemColor name="Feature" primary="FF773B93" secondary="FFEEE2F2" />
    <WorkItemColor name="Feedback Request" primary="FF004B50" secondary="FFFCEECF" />
    <WorkItemColor name="Feedback Response" primary="FF004B50" secondary="FFFCEECF" />
    <WorkItemColor name="Impediment" primary="FFB4009E" secondary="FFFCEECF" />
    <WorkItemColor name="Orden de trabajo" primary="FF196432" secondary="FFFCEECF" />
    <WorkItemColor name="Product Backlog Item" primary="FF009CCC" secondary="FFD6ECF2" />
    <WorkItemColor name="Requerimiento por Linea Producto" primary="FFFF7B00" secondary="FFFFD7B5" />
    <WorkItemColor name="Shared Parameter" primary="FF004B50" secondary="FFFCEECF" />
    <WorkItemColor name="Shared Steps" primary="FF004B50" secondary="FFFCEECF" />
    <WorkItemColor name="Task" primary="FFF2CB1D" secondary="FFF6F5D2" />
    <WorkItemColor name="Test Case" primary="FF004B50" secondary="FFFCEECF" />
    <WorkItemColor name="Test Plan" primary="FF004B50" secondary="FFFCEECF" />
    <WorkItemColor name="Test Suite" primary="FF004B50" secondary="FFFCEECF" />
  </WorkItemColors>
  <TypeFields>
    <TypeField refname="Microsoft.VSTS.Common.Activity" type="Activity" />
    <TypeField refname="Microsoft.VSTS.Common.BacklogPriority" type="Order" />
    <TypeField refname="Microsoft.VSTS.Feedback.ApplicationLaunchInstructions" type="ApplicationLaunchInstructions" />
    <TypeField refname="Microsoft.VSTS.Feedback.ApplicationStartInformation" type="ApplicationStartInformation" />
    <TypeField refname="Microsoft.VSTS.Feedback.ApplicationType" type="ApplicationType">
      <TypeFieldValues>
        <TypeFieldValue type="ClientApp" value="Client application" />
        <TypeFieldValue type="RemoteMachine" value="Remote machine" />
        <TypeFieldValue type="WebApp" value="Web application" />
      </TypeFieldValues>
    </TypeField>
    <TypeField refname="Microsoft.VSTS.Scheduling.Effort" type="Effort" />
    <TypeField refname="Microsoft.VSTS.Scheduling.RemainingWork" type="RemainingWork" format="{0} h" />
    <TypeField refname="System.AreaPath" type="Team" />
  </TypeFields>
  <PortfolioBacklogs>
    <PortfolioBacklog category="Microsoft.EpicCategory" pluralName="Briefs" singularName="Brief" workItemCountLimit="1000">
      <States>
        <State value="New" type="Proposed" />
        <State value="In Progress" type="InProgress" />
        <State value="Done" type="Complete" />
      </States>
      <AddPanel>
        <Fields>
          <Field refname="System.Title" />
        </Fields>
      </AddPanel>
      <Columns>
        <Column refname="System.WorkItemType" width="100" notafield="false" rollup="false" />
        <Column refname="System.Title" width="400" notafield="false" rollup="false" />
        <Column refname="System.State" width="100" notafield="false" rollup="false" />
        <Column refname="Microsoft.VSTS.Scheduling.Effort" width="50" notafield="false" rollup="false" />
        <Column refname="Microsoft.VSTS.Common.BusinessValue" width="50" notafield="false" rollup="false" />
        <Column refname="Microsoft.VSTS.Common.ValueArea" width="100" notafield="false" rollup="false" />
        <Column refname="System.Tags" width="200" notafield="false" rollup="false" />
      </Columns>
    </PortfolioBacklog>
    <PortfolioBacklog category="Microsoft.FeatureCategory" pluralName="Requerimientos de Negocio" singularName="Requerimiento de Negocio" parent="Microsoft.EpicCategory" workItemCountLimit="1000">
      <States>
        <State value="New" type="Proposed" />
        <State value="In Progress" type="InProgress" />
        <State value="Done" type="Complete" />
      </States>
      <AddPanel>
        <Fields>
          <Field refname="System.Title" />
        </Fields>
      </AddPanel>
      <Columns>
        <Column refname="System.WorkItemType" width="100" notafield="false" rollup="false" />
        <Column refname="System.Title" width="400" notafield="false" rollup="false" />
        <Column refname="System.State" width="100" notafield="false" rollup="false" />
        <Column refname="Microsoft.VSTS.Scheduling.Effort" width="50" notafield="false" rollup="false" />
        <Column refname="Microsoft.VSTS.Common.BusinessValue" width="50" notafield="false" rollup="false" />
        <Column refname="Microsoft.VSTS.Common.ValueArea" width="100" notafield="false" rollup="false" />
        <Column refname="System.Tags" width="200" notafield="false" rollup="false" />
      </Columns>
    </PortfolioBacklog>
  </PortfolioBacklogs>
  <RequirementBacklog category="Microsoft.RequirementCategory" pluralName="Requerimientos por Linea de Producto" singularName="Requerimiento por Linea de Producto" parent="Microsoft.FeatureCategory" workItemCountLimit="1000">
    <States>
      <State value="New" type="Proposed" />
      <State value="Approved" type="Proposed" />
      <State value="Committed" type="InProgress" />
      <State value="Done" type="Complete" />
    </States>
    <AddPanel>
      <Fields>
        <Field refname="System.Title" />
      </Fields>
    </AddPanel>
    <Columns>
      <Column refname="System.WorkItemType" width="100" notafield="false" rollup="false" />
      <Column refname="System.Title" width="400" notafield="false" rollup="false" />
      <Column refname="System.State" width="100" notafield="false" rollup="false" />
      <Column refname="Microsoft.VSTS.Scheduling.Effort" width="50" notafield="false" rollup="false" />
      <Column refname="Microsoft.VSTS.Common.ValueArea" width="100" notafield="false" rollup="false" />
      <Column refname="System.IterationPath" width="200" notafield="false" rollup="false" />
      <Column refname="System.Tags" width="200" notafield="false" rollup="false" />
    </Columns>
  </RequirementBacklog>
  <TaskBacklog category="Microsoft.TaskCategory" pluralName="Ordenes de Trabajo" singularName="Orden de Trabajo" parent="Microsoft.RequirementCategory" workItemCountLimit="1000">
    <States>
      <State value="To Do" type="Proposed" />
      <State value="In Progress" type="InProgress" />
      <State value="Done" type="Complete" />
    </States>
    <AddPanel>
      <Fields>
        <Field refname="System.Title" />
      </Fields>
    </AddPanel>
    <Columns>
      <Column refname="System.Title" width="400" notafield="false" rollup="false" />
      <Column refname="System.State" width="100" notafield="false" rollup="false" />
      <Column refname="System.AssignedTo" width="100" notafield="false" rollup="false" />
      <Column refname="Microsoft.VSTS.Scheduling.RemainingWork" width="50" notafield="false" rollup="false" />
    </Columns>
  </TaskBacklog>
  <FeedbackRequestWorkItems category="Microsoft.FeedbackRequestCategory" pluralName="Feedback Requests" singularName="Feedback Request">
    <States>
      <State value="Active" type="InProgress" />
      <State value="Closed" type="Complete" />
    </States>
  </FeedbackRequestWorkItems>
  <FeedbackResponseWorkItems category="Microsoft.FeedbackResponseCategory" pluralName="Feedback Responses" singularName="Feedback Response">
    <States>
      <State value="Active" type="InProgress" />
      <State value="Closed" type="Complete" />
    </States>
  </FeedbackResponseWorkItems>
  <BugWorkItems category="Microsoft.BugCategory" pluralName="Bugs" singularName="Bug">
    <States>
      <State value="New" type="Proposed" />
      <State value="Approved" type="Proposed" />
      <State value="Committed" type="InProgress" />
      <State value="Done" type="Complete" />
    </States>
  </BugWorkItems>
  <Weekends>
    <DayOfWeek>Sunday</DayOfWeek>
    <DayOfWeek>Saturday</DayOfWeek>
  </Weekends>
  <Properties>
    <Property name="HiddenBacklogs" value="Microsoft.EpicCategory" />
    <Property name="WorkItemTypeIcons" value="Brief=icon_clipboard,Bug=icon_insect,Code Review Request=icon_code_review,Code Review Response=icon_code_response,Epic=icon_crown,Feature=icon_trophy,Feedback Request=icon_review,Feedback Response=icon_response,Impediment=icon_traffic_cone,Orden de trabajo=icon_clipboard,Product Backlog Item=icon_list,Requerimiento por Linea Producto=icon_clipboard,Shared Parameter=icon_test_parameter,Shared Steps=icon_test_step,Task=icon_clipboard,Test Case=icon_test_case,Test Plan=icon_test_plan,Test Suite=icon_test_suite" />
    <Property name="BugsBehavior" value="AsRequirements" />
  </Properties>
</ProjectProcessConfiguration>