﻿<?xml version="1.0" encoding="utf-8"?>
<MSProject>
  <Mappings>
    <!-- MS Project calculation engine because of the order of the following mapped fields.
         To make sure the right calculation result, the following fields must appear in 
         this mapping file in the order respectively:
            Resource Name, Start Date, Finish Date, Completed Work, Remaining Work -->
    <Mapping WorkItemTrackingFieldReferenceName="System.AreaPath" ProjectField="pjTaskOutlineCode9" />
    <Mapping WorkItemTrackingFieldReferenceName="System.AssignedTo" ProjectField="pjTaskResourceNames" />
    <Mapping WorkItemTrackingFieldReferenceName="System.Id" ProjectField="pjTaskText10" ProjectName="Work Item ID" />
    <Mapping WorkItemTrackingFieldReferenceName="System.IterationPath" ProjectField="pjTaskOutlineCode10" />
    <Mapping WorkItemTrackingFieldReferenceName="System.Reason" ProjectField="pjTaskText14" />
    <Mapping WorkItemTrackingFieldReferenceName="System.Rev" ProjectField="pjTaskText23" />
    <Mapping WorkItemTrackingFieldReferenceName="System.State" ProjectField="pjTaskText13" ProjectName="State" />
    <Mapping WorkItemTrackingFieldReferenceName="System.Title" ProjectField="pjTaskName" />
    <Mapping WorkItemTrackingFieldReferenceName="System.WorkItemType" ProjectField="pjTaskText24" />
    <Mapping WorkItemTrackingFieldReferenceName="Microsoft.VSTS.Common.Priority" ProjectField="pjTaskText19" ProjectName="Work Item Priority" />
    <Mapping WorkItemTrackingFieldReferenceName="Microsoft.VSTS.Common.StackRank" ProjectField="pjTaskNumber1" />
    <Mapping WorkItemTrackingFieldReferenceName="Microsoft.VSTS.Scheduling.StartDate" ProjectField="pjTaskStart" PublishOnly="true" />
    <Mapping WorkItemTrackingFieldReferenceName="Microsoft.VSTS.Scheduling.FinishDate" ProjectField="pjTaskFinish" PublishOnly="true" />
    <Mapping WorkItemTrackingFieldReferenceName="Microsoft.VSTS.Scheduling.OriginalEstimate" ProjectField="pjTaskBaselineWork" ProjectUnits="pjHour" IfSummaryRefreshOnly="true" />
    <Mapping WorkItemTrackingFieldReferenceName="Microsoft.VSTS.Scheduling.CompletedWork" ProjectField="pjTaskActualWork" ProjectUnits="pjHour" IfSummaryRefreshOnly="true" />
    <Mapping WorkItemTrackingFieldReferenceName="Microsoft.VSTS.Scheduling.RemainingWork" ProjectField="pjTaskRemainingWork" ProjectUnits="pjHour" IfSummaryRefreshOnly="true" />
    <LinksField ProjectField="pjTaskText26" />
    <SyncField ProjectField="pjTaskText25" />
  </Mappings>
</MSProject>